,loss,categorical_crossentropy,acc,val_loss,val_categorical_crossentropy,val_acc
0,0.1295056790113449,0.28155356645584106,0.9719751477241516,0.12889468669891357,0.27344298362731934,0.9790195226669312
1,0.1290484070777893,0.35271286964416504,0.9776030778884888,0.12875403463840485,0.3603496551513672,0.9806737899780273
2,0.12887701392173767,0.43714314699172974,0.9797999262809753,0.12868034839630127,0.41772836446762085,0.9817442297935486
3,0.12876880168914795,0.5285939574241638,0.9811993837356567,0.12873582541942596,0.5643342733383179,0.981021523475647
4,0.1287478357553482,0.6337204575538635,0.9814740419387817,0.1287349909543991,0.6581863760948181,0.980917751789093
