,loss,categorical_crossentropy,acc,val_loss,val_categorical_crossentropy,val_acc
0,0.12867625057697296,0.6454476714134216,0.9823964238166809,0.12852586805820465,0.5506508350372314,0.9837744832038879
1,0.12860961258411407,0.6083928346633911,0.983259916305542,0.12849952280521393,0.5393767952919006,0.9840580224990845
2,0.1285913586616516,0.6020262837409973,0.9835011959075928,0.12848247587680817,0.5363060235977173,0.9842303395271301
