,loss,categorical_crossentropy,acc,val_loss,val_categorical_crossentropy,val_acc
0,0.357514351606369,0.2960335314273834,0.9491556882858276,0.35158219933509827,0.3738853931427002,0.968208372592926
1,0.3490588366985321,0.13081176578998566,0.9797617793083191,0.3500482141971588,0.24974583089351654,0.9745201468467712
2,0.34846219420433044,0.1286676824092865,0.982001006603241,0.3486739695072174,0.15292124450206757,0.9808582663536072
3,0.3481970727443695,0.13891573250293732,0.9830740094184875,0.348434180021286,0.1778881996870041,0.9818949103355408
4,0.34802913665771484,0.14741219580173492,0.9838112592697144,0.3483688235282898,0.18872646987438202,0.9821465611457825
5,0.3479193449020386,0.15538623929023743,0.9843078255653381,0.3482682406902313,0.24867838621139526,0.9826104640960693
6,0.34782564640045166,0.16052909195423126,0.9847447276115417,0.3478681147098541,0.17768925428390503,0.9845383763313293
