,loss,categorical_crossentropy,acc,val_loss,val_categorical_crossentropy,val_acc
0,0.3477354645729065,0.15978209674358368,0.9851738214492798,0.34780868887901306,0.17429544031620026,0.9848235249519348
1,0.3477053940296173,0.15876489877700806,0.9853205680847168,0.34776702523231506,0.17108073830604553,0.9850178360939026
2,0.3476910889148712,0.1585160493850708,0.9853885769844055,0.3477722406387329,0.17064259946346283,0.9849923849105835
3,0.347672700881958,0.15823987126350403,0.9854744076728821,0.34776571393013,0.1736827939748764,0.9850257039070129
4,0.3476584553718567,0.15793298184871674,0.9855419993400574,0.34774672985076904,0.17170266807079315,0.9851183295249939
